,name,year
0,The Band,1970
1,Najeeb Halaby,1970
2,Biafra,1970
3,Barry Commoner,1970
4,Jane Fonda,1970
5,Anita Caspary,1970
6,Jesse Jackson,1970
7,Günter Grass,1970
8,Richard Nixon,1970
9,Jim Lovell,1970
10,Leonid Brezhnev,1970
11,William H. Masters,1970
12,Arthur Burns,1970
13,Richard Nixon,1970
14,Mike Nichols,1970
15,Edward Heath,1970
16,Jerry Vernon Wilson,1970
17,Henry Ford II,1970
18,Alaska,1970
19,William P. Rogers,1970
20,Howard Stein,1970
21,Kate Millett,1970
22,Elliott Gould,1970
23,John Fairchild,1970
24,Richard Nixon,1970
25,Gamal Abdel Nasser,1970
26,Salvador Allende,1970
27,Adlai Stevenson III,1970
28,Martha Beall Mitchell,1970
29,Elmo Zumwalt,1970
30,Willy Brandt,1971
31,Ali MacGraw,1971
32,Philip Berrigan,1971
33,Carl Albert,1971
34,Creighton Abrams,1971
35,James Taylor,1971
36,Joe Frazier,1971
37,George C. Scott,1971
38,Konstantin Katushev,1971
39,William Calley,1971
40,Alexis Smith,1971
41,Akio Morita,1971
42,Anwar Sadat,1971
43,Jimmy Carter,1971
44,Dick Cavett,1971
45,Edward F. Cox,1971
46,Daniel Ellsberg,1971
47,Joseph Colombo,1971
48,Lee Trevino,1971
49,Henry Kissinger,1971
50,David Scott,1971
51,George Shultz,1971
52,Vida Blue,1971
53,Richard Nixon,1971
54,George Meany,1971
55,Edmund Muskie,1971
56,B. F. Skinner,1971
57,Attica Prison riot,1971
58,Emperor Hirohito,1971
59,John Connally,1971
60,William Rehnquist,1971
61,Chou En-lai,1971
62,Beverly Sills,1971
63,Edward Kennedy,1971
64,Indira Gandhi,1971
65,Richard Nixon,1972
66,Roger Staubach,1972
67,Howard Hughes,1972
68,Flip Wilson,1972
69,Henry Kissinger,1972
70,Robert Coles,1972
71,Clifford Irving,1972
72,Liza Minnelli,1972
73,Richard Nixon,1972
74,George Wallace,1972
75,Jack Anderson,1972
76,Richard Nixon,1972
77,George McGovern,1972
78,Võ Nguyên Giáp,1972
79,Leonid Brezhnev,1972
80,Kemmons Wilson,1972
81,Edwin Land,1972
82,Woody Allen,1972
83,Johnny Bench,1972
84,Kenneth Elstein,1972
85,George McGovern,1972
86,Boris Spassky,1972
87,Thomas Eagleton,1972
88,Sargent Shriver,1972
89,Richard Nixon,1972
90,Mark Spitz,1972
91,Redd Foxx,1972
92,Richard Nixon,1972
93,Pat Nixon,1972
94,Joe Namath,1972
95,Henry Kissinger,1972
96,Richard Bach,1972
97,Richard Nixon,1972
98,Ernest and Julio Gallo,1972
99,Liv Ullmann,1972
100,Don Shula,1972
101,Henry Kissinger,1973
102,Marlon Brando,1973
103,Ian Anderson,1973
104,George Shultz,1973
105,Carlos Castaneda,1973
106,Robert A. Good,1973
107,L. Patrick Gray,1973
108,Muammar Gaddafi,1973
109,Sam Ervin,1973
110,Pedro Arrupe,1973
111,Georg Solti,1973
112,Richard Nixon,1973
113,John N. Mitchell,1973
114,Richard Nixon,1973
115,Leonid Brezhnev,1973
116,John Dean,1973
117,John Dean,1973
118,Marilyn Monroe,1973
119,John N. Mitchell,1973
120,Richard Nixon,1973
121,Wendell Anderson,1973
122,Spiro Agnew,1973
123,Henry Kissinger,1973
124,Bobby Riggs,1973
125,Salvador Allende,1973
126,Spiro Agnew,1973
127,Spiro Agnew,1973
128,Gerald Ford,1973
129,Archibald Cox,1973
130,Richard Nixon,1973
131,Peter Falk,1973
132,Rose Mary Woods,1973
133,Gerald Ford,1973
134,John Sirica,1974
135,William E. Simon,1974
136,Nixon White House tapes,1974
137,Tip O'Neill,1974
138,James Schlesinger,1974
139,Exxon,1974
140,Aleksandr Solzhenitsyn,1974
141,Leon Jaworski,1974
142,Robert Redford,1974
143,James D. St. Clair,1974
144,Henry Kissinger,1974
145,Richard Nixon,1974
146,Patty Hearst,1974
147,Merle Haggard,1974
148,Richard Nixon,1974
149,Reggie Jackson,1974
150,Henry Kissinger,1974
151,Anwar Sadat,1974
152,Leonid Brezhnev,1974
153,Supreme Court,1974
154,Peter W. Rodino,1974
155,Jack Nicholson,1974
156,Gerald Ford,1974
157,Nelson Rockefeller,1974
158,Gerald Ford,1974
159,William Colby,1974
160,Betty Ford,1974
161,Jerry Brown,1974
162,Mary Tyler Moore,1974
163,Mohammad Reza Pahlavi,1974
164,Yasser Arafat,1974
165,David L. Boren,1974
166,Yitzhak Rabin,1974
167,Joni Mitchell,1974
168,Biblical Magi,1974
169,John Laragh,1975
170,Gerald Ford,1975
171,Chou En-Lai,1975
172,Henry M. Jackson,1975
173,Bernie Parent,1975
174,American Jews,1975
175,Cher,1975
176,Gerald Ford,1975
177,Jimmy Connors,1975
178,Ho Chi Minh,1975
179,Mikhail Baryshnikov,1975
180,Mayaguez Incident,1975
181,Anwar Sadat,1975
182,Margaux Hemingway,1975
183,Elton John,1975
184,Adam Smith,1975
185,Ford family,1975
186,Gerald Ford,1975
187,Otelo Saraiva de Carvalho,1975
188,Charles O. Finley,1975
189,Yitzhak Rabin,1975
190,Lynette Alice Fromme,1975
191,Patricia Hearst,1975
192,Gerald Ford,1975
193,Maharishi Mahesh Yogi,1975
194,Abraham Beame,1975
195,Bruce Springsteen,1975
196,Juan Carlos,1975
197,Sarah Caldwell,1975
198,Donald Rumsfeld,1975
199,Ronald Reagan,1975
200,Bloomingdale's,1975
201,L. C. Greenwood,1975
202,Marisa Berenson,1975
203,J. Edgar Hoover,1975
204,Mother Teresa,1975
205,Betty Ford,1976
206,Teng Hsiao-p'ing,1976
207,Daniel Patrick Moynihan,1976
208,Dorothy Hamill,1976
209,Doonesbury,1976
210,F. Lee Bailey,1976
211,Gore Vidal,1976
212,Jimmy Carter,1976
213,Dustin Hoffman,1976
214,Howard Hughes,1976
215,Jimmy Carter,1976
216,Gerald Ford,1976
217,Paul McCartney,1976
218,Enrico Berlinguer,1976
219,Jimmy Carter,1976
220,Thomas Jefferson,1976
221,Jimmy Carter,1976
222,Nadia Comăneci,1976
223,Gerald Ford,1976
224,Mao Tse-tung,1976
225,Jimmy Carter,1976
226,Ian Smith,1976
227,Gerald Ford,1976
228,Jimmy Carter,1976
229,Jimmy Carter,1976
230,Robert Rauschenberg,1976
231,Howard Hughes,1976
232,Hamilton Jordan,1976
233,Jimmy Carter,1977
234,Super Bowl XI,1977
235,Rupert Murdoch,1977
236,Amy Carter,1977
237,Alex Haley,1977
238,Andrei Sakharov,1977
239,Linda Ronstadt,1977
240,Idi Amin,1977
241,Marabel Morgan,1977
242,Jiang Qing,1977
243,Lily Tomlin,1977
244,James Schlesinger,1977
245,Jimmy Carter,1977
246,Uncle Sam,1977
247,Richard Nixon,1977
248,Harold Brown,1977
249,Menachem Begin,1977
250,Jody Powell,1977
251,Peter Frampton,1977
252,James Earl Ray,1977
253,Adolfo Suárez,1977
254,Rod Carew,1977
255,Jimmy Carter,1977
256,Arthur Ochs Sulzberger,1977
257,Panama Canal,1977
258,Fred Silverman,1977
259,Bert Lance,1977
260,Diane Keaton,1977
261,John le Carré,1977
262,Jimmy Carter,1977
263,Mstislav Rostropovich,1977
264,Hanns Martin Schleyer,1977
265,Richard Leakey,1977
266,John Vorster,1977
267,Anwar Sadat,1977
268,Dixy Lee Ray,1977
269,Jesus,1977
270,Anwar Sadat,1978
271,Burt Reynolds,1978
272,Super Bowl XII,1978
273,Robert Byrd,1978
274,Michael Blumenthal,1978
275,Stansfield Turner,1978
276,Pierre Trudeau,1978
277,Muhammad Ali,1978
278,Cheryl Tiegs,1978
279,Menachem Begin,1978
280,John Travolta,1978
281,Saul Steinberg,1978
282,Cyrus Vance,1978
283,Gelsey Kirkland,1978
284,"Charles, Prince of Wales",1978
285,Steve Cauthen,1978
286,Joseph Califano,1978
287,Howard Jarvis,1978
288,Warren Beaty,1978
289,G. William Miller,1978
290,Nathan Sharansky,1978
291,Sebastiano Baggio,1978
292,Mario Puzo,1978
293,John Paul I,1978
294,Menachem Begin,1978
295,Menachem Begin,1978
296,Jimmy Carter,1978
297,John Paul I,1978
298,John Paul II,1978
299,Pat Benedict,1978
300,Letitia Baldrige,1978
301,Michel Bergerac,1978
302,Jimmy Carter,1978
303,Teng Hsiao-ping,1979
304,Philip Johnson,1979
305,Leonid Brezhnev,1979
306,Teng Hsiao-ping,1979
307,Ruhollah Khomeini,1979
308,Albert Einstein,1979
309,Iran,1979
310,Sino-Vietnamese War,1979
311,Robin Williams,1979
312,Jimmy Carter,1979
313,Homosexuality in America,1979
314,Woody Allen,1979
315,Margaret Thatcher,1979
316,Russell Baker,1979
317,Helmut Schmidt,1979
318,John Paul II,1979
319,Jimmy Carter,1979
320,Jimmy Carter,1979
321,Diane Lane,1979
322,Ansel Adams,1979
323,John Connally,1979
324,Cyrus Vance,1979
325,Luciano Pavarotti,1979
326,Henry Kissinger,1979
327,José López Portillo,1979
328,John Paul II,1979
329,Paul Volcker,1979
330,David C. Jones,1979
331,Edward Kennedy,1979
332,Ruhollah Khomeini,1979
333,Mohammad Reza Shah,1979
334,Ruhollah Khomeini,1980
335,Jimmy Carter,1980
336,Eric Heiden,1980
337,Dan Rather,1980
338,Peter Sellers,1980
339,Ronald Reagan,1980
340,Jimmy Carter,1980
341,Interferon,1980
342,Thornton Wilson,1980
343,Jimmy Carter,1980
344,Jimmy Carter,1980
345,Edmund Muskie,1980
346,Darth Vader,1980
347,Pablo Picasso,1980
348,Björn Borg,1980
349,Ronald Reagan,1980
350,Billy Carter,1980
351,Larry Hagman,1980
352,Jimmy Carter,1980
353,Jimmy Carter,1980
354,Thomas Murphy,1980
355,Bear Bryant,1980
356,Jimmy Carter,1980
357,Carl Sagan,1980
358,Jimmy Carter,1980
359,Ronald Reagan,1980
360,Jane Pauley,1980
361,John Lennon,1980
362,Lech Walesa,1980
363,Ronald Reagan,1981
364,Brooke Shields,1981
365,Margaret Thatcher,1981
366,Herbert Boyer,1981
367,Alexander Haig,1981
368,Ronald Reagan,1981
369,"Diana, Princess of Wales",1981
370,Billy Martin,1981
371,Menachem Begin,1981
372,Pope John Paul II assassination attempt,1981
373,Ed Koch,1981
374,Operation Opera,1981
375,François Mitterrand,1981
376,Sandra Day O'Connor,1981
377,Caspar Weinberger,1981
378,"Charles, Prince of Wales",1981
379,James Rouse,1981
380,John Irving,1981
381,Meryl Streep,1981
382,Jesse Helms,1981
383,Ronald Reagan,1981
384,Nicholas Nickelby,1981
385,Anwar Sadat,1981
386,Ronald Reagan,1981
387,Katharine Hepburn,1981
388,Muammar Gaddafi,1981
389,Wojciech Jaruzelski,1981
390,Lech Walesa,1982
391,Joe Montana,1982
392,Franklin D. Roosevelt,1982
393,Steve Jobs,1982
394,Jaclyn Smith,1982
395,Henry Kissinger,1982
396,Paul Volcker,1982
397,Giorgio Armani,1982
398,Howard Baker,1982
399,John Paul II,1982
400,Gerry Cooney,1982
401,George Shultz,1982
402,Ayatullah Khomeini,1982
403,Ted Turner,1982
404,James G. Watt,1982
405,Menachem Begin,1982
406,Ariel Sharon,1982
407,Jimmy Carter,1982
408,John Updike,1982
409,John De Lorean,1982
410,Yuri Andropov,1982
411,Joseph Bernardin,1982
412,Paul Newman,1982
413,Ronald Reagan,1982
414,Miguel de la Madrid,1982
415,James Levine,1983
416,Pershing II,1983
417,Robert Mitchum,1983
418,Menachem Begin,1983
419,Princess Diana,1983
420,Franklin C. Spinney,1983
421,John Paul II,1983
422,Lee Iacocca,1983
423,Ronald Reagan,1983
424,Claude Pepper,1983
425,Nastassja Kinski,1983
426,George Lucas,1983
427,Margaret Thatcher,1983
428,John Paul II,1983
429,David Bowie,1983
430,William P. Clark,1983
431,Jesse Jackson,1983
432,Ben Colli,1983
433,Peter Ueberroth,1983
434,Ronald Reagan,1983
435,John F. Kennedy,1983
436,George Orwell,1983
437,Hafez Assad,1983
438,Ronald Reagan,1984
439,John Paul II,1984
440,Arthur Rock,1984
441,Phil Mahre,1984
442,Ronald Reagan,1984
443,Yuri Andropov,1984
444,Konstantin Chernenko,1984
445,Martin Feldstein,1984
446,Gary Hart,1984
447,Michael Jackson,1984
448,Alexander Haig,1984
449,Bill Gates,1984
450,Jesse Jackson,1984
451,Shirley MacLaine,1984
452,Geraldine Ferraro,1984
453,Walter Mondale,1984
454,Andrei A. Gromyko,1984
455,Erma Bombeck,1984
456,Shimon Peres,1984
457,Geraldine Ferraro,1984
458,Carl Lewis,1984
459,Carl Lewis,1984
460,Ronald Reagan,1984
461,Geraldine Ferraro,1984
462,Brian Mulroney,1984
463,Andrei A. Gromyko,1984
464,Ronald Reagan,1984
465,Ronald Reagan,1984
466,Indira Gandhi,1984
467,Ronald Reagan,1984
468,William DeVries,1984
469,David Lean,1984
470,Peter Ueberroth,1985
471,Nancy Reagan,1985
472,Donald Regan,1985
473,John Paul II,1985
474,T. Boone Pickens,1985
475,Larry Bird,1985
476,Mikhail Gorbachev,1985
477,Lee Iacocca,1985
478,Bernhard Goetz,1985
479,Ronald Reagan,1985
480,Madonna,1985
481,Steven Spielberg,1985
482,Pete Rose,1985
483,Jerry Falwell,1985
484,Mikhail Gorbachev,1985
485,Philip Michael Thomas,1985
486,Deng Xiaoping,1985
487,Ronald Reagan,1985
488,Toxic Waste,1985
489,Ronald Reagan,1985
490,Garrison Keillor,1985
491,Prince Charles,1985
492,Ronald Reagan,1985
493,Ronald Reagan,1985
494,Teenage Pregnancy,1985
495,Deng Xiaoping,1986
496,Donald Burr,1986
497,William Perry,1986
498,Corazon Aquino,1986
499,Pat Robertson,1986
500,Corazon Aquino,1986
501,Michael Deaver,1986
502,Corazon Aquino,1986
503,Daniel Ortega,1986
504,Dwight Gooden,1986
505,Muammar Gaddafi,1986
506,Vladimir Horowitz,1986
507,Molly Ringwald,1986
508,Mario Cuomo,1986
509,William Rehnquist,1986
510,Ronald Reagan,1986
511,Sigourney Weaver,1986
512,Andrew Wyeth,1986
513,Ralph Lauren,1986
514,Derek Bok,1986
515,Laurence Tisch,1986
516,John Gotti,1986
517,Stephen King,1986
518,Ronald Reagan,1986
519,David Byrne,1986
520,Ivan Boesky,1986
521,Neil Simon,1986
522,Oliver North,1986
523,Corazon Aquino,1987
524,Adnan Khashoggi,1987
525,Oliver Stone,1987
526,Dennis Conner,1987
527,Bette Midler,1987
528,Ronald Reagan,1987
529,Howard Baker,1987
530,Jimmy Swaggart,1987
531,U2,1987
532,Gary Hart,1987
533,Alan Greenspan,1987
534,Chun Doo Hwan,1987
535,Oliver North,1987
536,Oliver North,1987
537,Mikhail Gorbachev,1987
538,Khomeini,1987
539,Steve Martin,1987
540,Robert Bork,1987
541,Bill Cosby,1987
542,Glenn Close,1987
543,Shirley Maclaine,1987
544,Mikhail Gorbachev,1987
545,Gary Hart,1987
546,Mikhail Gorbachev,1988
547,Andrew Lloyd Webber,1988
548,Dan Rather,1988
549,Debi Thomas,1988
550,Manuel Noriega,1988
551,George H.W. Bush,1988
552,Jesse Jackson,1988
553,Michael Eisner,1988
554,Michael Dukakis,1988
555,Nancy Reagan,1988
556,Raisa Gorbachev,1988
557,Ronald Reagan,1988
558,Mike Tyson,1988
559,Edward James Olmos,1988
560,Lloyd Bentsen,1988
561,George H.W. Bush,1988
562,George H.W. Bush,1988
563,Jackie Joyner-Kersee,1988
564,John Sasso,1988
565,Enrique Camarena,1988
566,George H.W. Bush,1988
567,Ross Johnson,1988
568,Ronald Reagan,1988
569,Yasser Arafat,1988
570,Earth,1989
571,Gene Hackman,1989
572,Donald Trump,1989
573,Barbara Bush,1989
574,George H.W. Bush,1989
575,James Baker,1989
576,Khomeini,1989
577,John Tower,1989
578,Eduard Shevardnadze,1989
579,Kevin Costner,1989
580,Pete Rose,1989
581,Joseph Hazelwood,1989
582,Diane Sawyer,1989
583,Joseph Cicippio,1989
584,George H.W. Bush,1989
585,The Rolling Stones,1989
586,George Washington,1989
587,1989 Loma Prieta earthquake,1989
588,Arsenio Hall,1989
589,The Berlin Wall,1989
590,George H.W. Bush,1989
591,Tom Cruise,1989
592,Mikhail Gorbachev,1990
593,Joe Foss,1990
594,Nelson Mandela,1990
595,Michael Milken,1990
596,Richard Nixon,1990
597,Dan Quayle,1990
598,Andrei Sakharov,1990
599,John H. Sununu,1990
600,Mikhail Gorbachev,1990
601,Scott Turow,1990
602,Nelson Mandela,1990
603,Helmut Kohl,1990
604,David Souter,1990
605,Saddam Hussein,1990
606,Saddam Hussein,1990
607,Saddam Hussein,1990
608,King Fahd,1990
609,David Lynch,1990
610,Wynton Marsalis,1990
611,Ronald Reagan,1990
612,Dick Cheney,1990
613,Margaret Thatcher,1990
614,Bart Simpson,1990
615,George H.W. Bush,1991
616,Saddam Hussein,1991
617,Norman Schwarzkopf,1991
618,Boris Yeltsin,1991
619,Nancy Reagan,1991
620,Katie Koestner,1991
621,Geena Davis,1991
622,Saddam Hussein,1991
623,John McCarthy,1991
624,Boris Yeltsin,1991
625,Lamar Alexander,1991
626,Jodie Foster,1991
627,Anita Hill,1991
628,Oliver North,1991
629,Terry A. Anderson,1991
630,Mikhail Gorbachev,1991
631,Ted Turner,1992
632,Bill Clinton,1992
633,Ronald Reagan,1992
634,Susan Faludi,1992
635,Jay Leno,1992
636,Bill Clinton,1992
637,Garth Brooks,1992
638,Bill Clinton,1992
639,Roe v. Wade,1992
640,Roger Keith Coleman,1992
641,Ross Perot,1992
642,Sam Walton,1992
643,Ross Perot,1992
644,Bill Clinton,1992
645,Kim Zmeskal,1992
646,George H.W. Bush,1992
647,Woody Allen,1992
648,Hillary Clinton,1992
649,Candice Bergen,1992
650,George H.W. Bush,1992
651,Bill Clinton,1992
652,Bill Clinton,1992
653,Bill Clinton,1992
654,Princess Diana,1992
655,Bill Clinton,1993
656,Rita Collins,1993
657,Bill Clinton,1993
658,Zoe Baird,1993
659,Bill Clinton,1993
660,Bill Clinton,1993
661,David Koresh,1993
662,Boris Yeltsin,1993
663,David Koresh,1993
664,Hillary Clinton,1993
665,Jack Kevorkian,1993
666,Janet Reno,1993
667,David Letterman,1993
668,Yitzhak Rabin,1993
669,Michael Durant,1993
670,Eddie Vedder,1993
671,Howard Stern,1993
672,Billy Graham,1993
673,Fidel Castro,1993
674,Bob Eaton,1993
675,Yitzhak Rabin,1994
676,Tonya Harding,1994
677,Tonya Harding,1994
678,Louis Farrakhan,1994
679,Aldrich Ames,1994
680,Hillary Rodham,1994
681,Bill Clinton,1994
682,Richard Nixon,1994
683,Nelson Mandela,1994
684,War in Rwanda,1994
685,Jacqueline Kennedy,1994
686,Dwight D. Eisenhower,1994
687,Kim Il Sung,1994
688,O.J. Simpson,1994
689,Vladimir Zhirinovsky,1994
690,Fidel Castro,1994
691,Robert Sandifer,1994
692,Jimmy Carter,1994
693,Bill T. Jones,1994
694,Newt Gingrich,1994
695,Susan Smith,1994
696,William Shatner,1994
697,Newt Gingrich,1994
698,John Paul II,1994
699,Newt Gingrich,1995
700,Rush Limbaugh,1995
701,Great Hanshin earthquake,1995
702,Johnnie Cochran,1995
703,Fidel Castro,1995
704,Nicholas Leeson,1995
705,David Geffen,1995
706,Shoko Asahara,1995
707,Noël Coypel,1995
708,Claudia Schiffer,1995
709,Vietnam,1995
710,Timothy McVeigh,1995
711,"Ralph E. Reed, Jr.",1995
712,Ramesses II,1995
713,Bill Gates,1995
714,Scott O'Grady,1995
715,Colin Powell,1995
716,Bob Dole,1995
717,Colin Powell,1995
718,Michael Crichton,1995
719,O.J. Simpson,1995
720,Dick Carver,1995
721,Pat Buchanan,1995
722,Yitzhak Rabin,1995
723,Bob Dole,1995
724,Andrew F. Hawley,1995
725,Elisa Izquierdo,1995
726,Newt Gingrich,1995
727,William Bratton,1996
728,Steve Forbes,1996
729,Magic Johnson,1996
730,Marc Andreessen,1996
731,Pat Buchanan,1996
732,George Galatis,1996
733,Princess Diana,1996
734,Hillary Clinton,1996
735,Norman Schwarzkopf,1996
736,Ted Kaczynski,1996
737,Jessica Dubroff,1996
738,John F. Kennedy,1996
739,Billy Graham,1996
740,Benjamin Netanyahu,1996
741,Hillary Clinton,1996
742,Boris Yeltsin,1996
743,Prince William,1996
744,Michael Johnson,1996
745,Bob Dole,1996
746,Christopher Reeve,1996
747,Dick Morris,1996
748,Dick Morris,1996
749,Bill Gates,1996
750,Ned Johnson,1996
751,Diane Keaton,1996
752,Bob Dole,1996
753,Bill Clinton,1996
754,O.J. Simpson,1996
755,David Ho,1996
756,Bill Gates,1997
757,Bill Cosby,1997
758,O.J. Simpson,1997
759,Deng Xiaoping,1997
760,Dolly,1997
761,Marshall Applewhite,1997
762,Ellen DeGeneres,1997
763,Andrew Weil,1997
764,Steven Spielberg,1997
765,Kelly Finn,1997
766,Timothy McVeigh,1997
767,Gianni Versace,1997
768,Steve Jobs,1997
769,George Soros,1997
770,Princess Diana,1997
771,Princess Diana,1997
772,Steve Case,1997
773,Brad Pitt,1997
774,Hillary Clinton,1997
775,Michael Foale,1997
776,Alan Greenspan,1997
777,John F. Kennedy,1997
778,Bill Clinton,1997
779,Kenny McCaughey,1997
780,Al Gore,1997
781,Princess Diana,1997
782,Andrew Grove,1997
783,Jerry Seinfeld,1998
784,Toni Morrison,1998
785,Fidel Castro,1998
786,Monica Lewinsky,1998
787,Kenneth Starr,1998
788,Bill Clinton,1998
789,Bill Clinton,1998
790,John Travolta,1998
791,Paula Jones,1998
792,Frank Sinatra,1998
793,Jim Carrey,1998
794,Michael Jordan,1998
795,"Ken Griffey, Jr.",1998
796,Escherichia coli,1998
797,Monica Lewinsky,1998
798,John Glenn,1998
799,Bill Clinton,1998
800,The Clintons,1998
801,Boris Yeltsin,1998
802,Oprah Winfrey,1998
803,Tom Wolfe,1998
804,Newt Gingrich,1998
805,Moses,1998
806,Bill Clinton,1998
807,Kenneth Starr,1998
808,Bill Clinton,1999
809,Lauryn Hill,1999
810,Alan Greenspan,1999
811,Abdullah Öcalan,1999
812,Monica Lewinsky,1999
813,Bill Gates,1999
814,Slobodan Milosevic,1999
815,Madeleine Albright,1999
816,Ricky Martin,1999
817,George W. Bush,1999
818,Nicole Kidman,1999
819,"John F. Kennedy, Jr.",1999
820,"John F. Kennedy, Jr.",1999
821,Blair Witch,1999
822,Harry Potter,1999
823,Bill Bradley,1999
824,Steve Jobs,1999
825,Bill Gates,1999
826,Pokémon,1999
827,John McCain,1999
828,Jeff Bezos,1999
829,Albert Einstein,1999
830,Steve Case,2000
831,George W. Bush,2000
832,John McCain,2000
833,Leonardo DiCaprio,2000
834,George W. Bush,2000
835,Amadou Diallo,2000
836,Katie Couric,2000
837,Stephen King,2000
838,John Paul II,2000
839,Tiger Woods,2000
840,Joe Lieberman,2000
841,Kofi Annan,2000
842,Marion Jones,2000
843,Shawn Fanning,2000
844,George W. Bush,2000
845,George W. Bush,2000
846,George W. Bush,2000
847,George W. Bush,2000
848,George W. Bush,2000
849,George W. Bush,2000
850,John Ashcroft,2001
851,Bill Clinton,2001
852,Dale Earnhardt,2001
853,Bob Kerrey,2001
854,Timothy McVeigh,2001
855,George W. Bush,2001
856,Erik Weihenmayer,2001
857,Julia Roberts,2001
858,James Thomson,2001
859,Venus Williams,2001
860,Colin Powell,2001
861,Björk,2001
862,George W. Bush,2001
863,Osama bin Laden,2001
864,George W. Bush,2001
865,Osama bin Laden,2001
866,Osama bin Laden,2001
867,George Harrison,2001
868,Rudy Giuliani,2001
869,Steve Jobs,2002
870,Sarah Hughes,2002
871,Jamie Sale,2002
872,Bono,2002
873,Yasser Arafat,2002
874,Saddam Hussein,2002
875,Spider-Man,2002
876,George W. Bush,2002
877,Tom Cruise,2002
878,Bruce Springsteen,2002
879,Saddam Hussein,2002
880,George W. Bush,2002
881,Osama bin Laden,2002
882,Trent Lott,2002
883,Kim Jong-il,2003
884,Donald Rumsfeld,2003
885,George W. Bush,2003
886,Saddam Hussein,2003
887,Tommy Franks,2003
888,Laura J. Richardson,2003
889,Franklin D. Roosevelt,2003
890,Hillary Clinton,2003
891,Benjamin Franklin,2003
892,Howard Dean,2003
893,Arnold Schwarzenegger,2003
894,Johnny Cash,2003
895,Ronald Reagan,2003
896,Russell Crowe,2003
897,Jessica Lynch,2003
898,George W. Bush,2003
899,Person of the Year,2003
900,Howard Dean,2004
901,Ronald Reagan,2004
902,Bill Clinton,2004
903,Thomas Jefferson,2004
904,Michael Moore,2004
905,John Edwards,2004
906,John Kerry,2004
907,Michael Phelps,2004
908,George W. Bush,2004
909,George W. Bush,2004
910,George W. Bush,2004
911,George W. Bush,2004
912,John Paul II,2005
913,Ann Coulter,2005
914,Benedict XVI,2005
915,Bill Gates,2005
916,Abraham Lincoln,2005
917,Karl Rove,2005
918,Kanye West,2005
919,Steve Jobs,2005
920,Steven Spielberg,2005
921,Bill Gates,2005
922,Jack Abramoff,2006
923,Bode Miller,2006
924,Bill Ford,2006
925,Larry Page,2006
926,Dick Cheney,2006
927,Michael Hayden,2006
928,Abu Mousab al-Zarqawi,2006
929,Theodore Roosevelt,2006
930,Hillary Clinton,2006
931,Doutzen Kroes,2006
932,George W. Bush,2006
933,Benedict XVI,2006
934,George W. Bush,2006
935,Haji Bashar Noorzai,2007
936,Dick Cheney,2007
937,Ronald Reagan,2007
938,Don Imus,2007
939,Mitt Romney,2007
940,Al Gore,2007
941,Michael Bloomberg,2007
942,John F. Kennedy,2007
943,Rupert Murdoch,2007
944,Mother Teresa,2007
945,Hilary Rhoda,2007
946,David Petraeus,2007
947,John Roberts,2007
948,Hillary Clinton,2007
949,Barack Obama,2007
950,Vladimir Putin,2007
951,Benazir Bhutto,2008
952,John McCain,2008
953,Hillary Clinton,2008
954,George Clooney,2008
955,Barack Obama,2008
956,Hillary Clinton,2008
957,Dalai Lama VII,2008
958,Benedict XVI,2008
959,Ann Dunham,2008
960,Barack Obama,2008
961,Barack Obama,2008
962,Prozac,2008
963,Mark Twain,2008
964,Nelson Mandela,2008
965,LeBron James,2008
966,Barack Obama,2008
967,Rick Warren,2008
968,Barack Obama,2008
969,John McCain,2008
970,Sarah Palin,2008
971,Barack Obama,2008
972,Tom Ford,2008
973,John McCain,2008
974,Barack Obama,2008
975,Barack Obama,2008
976,Sylvia Tamburo,2008
977,Barack Obama,2008
978,Barack Obama,2008
979,Michelle Rhee,2008
980,Barack Obama,2008
981,Barack Obama,2009
982,Barack Obama,2009
983,Kate Winslet,2009
984,Arlenis Sosa,2009
985,Barack Obama,2009
986,Michelle Obama,2009
987,Sonia Sotomayor,2009
988,Mousavi,2009
989,Franklin D. Roosevelt,2009
990,Michael Jackson,2009
991,Sarah Palin,2009
992,Buzz Aldrin,2009
993,Apollo 11,2009
994,Dick Cheney,2009
995,Barack Obama,2009
996,Ted Kennedy,2009
997,Jay Leno,2009
998,Glenn Beck,2009
999,Hillary Clinton,2009
1000,Nidal Malik Hasan,2009
1001,Ben Bernanke,2009
1002,Northwest Airlines Flight 253,2010
1003,Barack Obama,2010
1004,Robert Gates,2010
1005,Taliban,2010
1006,Tom Hanks,2010
1007,Pope Benedict XVI,2010
1008,Steve Jobs,2010
1009,Barack Obama,2010
1010,Benigno Aquino III,2010
1011,Didier Drogba,2010
1012,Elizabeth Warren,2010
1013,Pope Benedict XVI,2010
1014,Thomas Edison,2010
1015,David Cameron,2010
1016,Bibi Aisha,2010
1017,Jonathan Franzen,2010
1018,Tony Blair,2010
1019,Wen Jiabao,2010
1020,Meg Whitman,2010
1021,John Boehner,2010
1022,Aung San Suu Kyi,2010
1023,Julian Assange,2010
1024,Sarah Palin,2010
1025,Mark Zuckerberg,2010
1026,Aung San Suu Kyi,2011
1027,Jared Lee Loughner,2011
1028,Barack Obama,2011
1029,Muammar Gaddafi,2011
1030,Muammar Gaddafi,2011
1031,Abraham Lincoln,2011
1032,Robert Mueller,2011
1033,"Prince William, Duke of Cambridge",2011
1034,Prince William and Catherine Middleton,2011
1035,Osama Bin Laden,2011
1036,Osama Bin Laden,2011
1037,Rubik's cube,2011
1038,Mehmet Oz,2011
1039,Mitt Romney,2011
1040,Rupert Murdoch,2011
1041,George Washington,2011
1042,Muammar Gaddafi,2011
1043,Rick Perry,2011
1044,5 euro note,2011
1045,Dalai Lama,2011
1046,Steve Jobs,2011
1047,Bubble gum,2011
1048,Hillary Clinton,2011
1049,Recep Tayyip Erdoğan,2011
1050,Mitt Romney,2011
1051,Mitt Romney,2012
1052,Warren Buffett,2012
1053,Barack Obama,2012
1054,Lionel Messi,2012
1055,Preet Bharara,2012
1056,Mario Monti,2012
1057,Kim Jong-un,2012
1058,Vladimir Putin,2012
1059,René Redzepi,2012
1060,Nicolas Sarkozy,2012
1061,George W. Bush,2012
1062,Bo Xilai,2012
1063,Osama bin Laden,2012
1064,Bo Xilai,2012
1065,Francois Hollande,2012
1066,Lee Corso,2012
1067,Benjamin Netanyahu,2012
1068,Lenore Romney,2012
1069,Wayne Rooney,2012
1070,Anthony Kennedy,2012
1071,Leung Chun-ying,2012
1072,John Roberts,2012
1073,Palace of Westminster,2012
1074,2012 Aurora shooting,2012
1075,Curiosity rover,2012
1076,Mitt Romney,2012
1077,Barack Obama,2012
1078,Paul Kagame,2012
1079,Bill Clinton,2012
1080,Mitt Romney,2012
1081,Mitt Romney,2012
1082,Xi Jinping,2012
1083,Daniel Day-Lewis,2012
1084,Mario Balotelli,2012
1085,Barack Obama,2012
1086,David Petraeus,2012
1087,Mohamed Morsi,2012
1088,Roger Goodell,2012
1089,Barack Obama,2012
1090,Polio virus,2013
1091,Chris Christie,2013
1092,Michael Bloomberg,2013
1093,Kathryn Bigelow,2013
1094,Marco Rubio,2013
1095,Pope Benedict XVI,2013
1096,Pope Benedict XVI,2013
1097,Neymar,2013
1098,Pelé,2013
1099,Oscar Pistorius,2013
1100,Oscar Pistorius,2013
1101,Sheryl Sandberg,2013
1102,Pope Francis,2013
1103,Pope Francis,2013
1104,Christine Lagarde,2013
1105,Jennifer Lawrence,2013
1106,Angelina Jolie,2013
1107,David Cameron,2013
1108,Rahm Emanuel,2013
1109,Aaron Swartz,2013
1110,Ashin Wirathu,2013
1111,Pope Francis,2013
1112,Trayvon Martin,2013
1113,"Martin Luther King, Jr",2013
1114,Barack Obama,2013
1115,Johnny Manziel,2013
1116,Charging Bull,2013
1117,Google logo,2013
1118,Academic dress,2013
1119,Michael Bloomberg,2013
1120,Benedict Cumberbatch,2013
1121,"Charles, Prince of Wales",2013
1122,Chris Christie,2013
1123,John F. Kennedy,2013
1124,Barack Obama,2013
1125,Carl Icahn,2013
1126,Nelson Mandela,2013
1127,Pope Francis,2013
1128,Seth Meyers,2014
1129,Janet Yellen,2014
1130,Barack Obama,2014
1131,Francois Hollande,2014
1132,Enrique Peña Nieto,2014
1133,American Airlines,2014
1134,Maidan Nezalezhnosti,2014
1135,Key & Peele,2014
1136,Jon Hamm,2014
1137,Shinzo Abe,2014
1138,Beyoncé,2014
1139,Vladimir Putin,2014
1140,Marine Le Pen,2014
1141,Narendra Modi,2014
1142,Laverne Cox,2014
1143,Bowe Bergdahl,2014
1144,Vladimir Putin,2014
1145,Robin Williams,2014
1146,Chad Stover,2014
1147,Mary Barra,2014
1148,Joshua Wong Chi-fung,2014
1149,Rand Paul,2014
1150,Anne Hathaway,2014
1151,Mitch McConnell,2014
1152,Taylor Swift,2014
1153,Benedict Cumberbatch,2014
1154,Mark Zuckerberg,2014
1155,Scott Kelly,2014
1156,Kei Nishikori,2015
1157,Howard Schultz,2015
1158,George H.W. Bush,2015
1159,Hillary Clinton,2015
1160,Bradley Cooper,2015
1161,Narendra Modi,2015
1162,Elizabeth Warren,2015
1163,Barack Obama,2015
1164,George W. Bush,2015
1165,Palmer Luckey,2015
1166,Ferguson unrest,2015
1167,Donald Trump,2015
1168,Stephen Colbert,2015
1169,Bernie Sanders,2015
1170,Pope Francis,2015
1171,Daret Ezza,2015
1172,Angela Merkel,2015
1173,Adele,2015
1174,Donald Trump,2016
1175,David Bowie,2016
1176,Pegida,2016
1177,Hillary Clinton,2016
1178,Donald Trump,2016
1179,Nancy Reagan,2016
1180,Tim Cook,2016
1181,Xi Jinping,2016
1182,Ted Cruz,2016
1183,Leonardo DiCaprio,2016
1184,Aedes anopheles,2016
1185,Bernie Sanders,2016
1186,Muhammad Ali,2016
1187,CRISPR,2016
1188,Donald Trump,2016
1189,Hillary Clinton,2016
1190,Simone Biles,2016
1191,Donald Trump,2016
1192,Samantha Bee,2016
1193,Colin Kaepernick,2016
1194,Vladimir Putin,2016
1195,Donald Trump,2016
1196,Donald Trump and Billy Bush recording,2016
1197,Gretchen Carlson,2016
1198,Donald Trump,2016
1199,Donald Trump,2016
1200,Fidel Castro,2016
1201,Donald Trump,2016
1202,Donald Trump,2017
1203,Steve Bannon,2017
1204,Chuck Schumer,2017
1205,Snapchat,2017
1206,Sheryl Sandberg,2017
1207,Riz Ahmed,2017
1208,Donald Trump,2017
1209,Jared Kushner,2017
1210,Robert Mueller,2017
1211,Kit Harington,2017
1212,Donald Trump Jr.,2017
1213,Vladimir Putin,2017
1214,John F. Kelly,2017
1215,Nazi salute,2017
1216,Hillary Clinton,2017
1217,Harvey Weinstein,2017
1218,Emmanuel Macron,2017
1219,Ashley Judd,2017
0,Bill Gates,2018
1,Donald Trump,2018
2,Donald Trump,2018
3,Chadwick Boseman,2018
4,Black Panther,2018
5,Greta Gerwig,2018
6,Emma González,2018
7,Viktor Orbán,2018
